Club_ID,Club_Name,Primary language,City,Province,Country
100,LA PILERIE,French,MOMIGNIES,Hainaut,BELGIQUE
101,BAM,French,BASTOGNE,Luxembourg,BELGIQUE
102,LES DAHUTS - ANDAGE ,French,SAINT-HUBERT,Luxembourg,BELGIQUE
103,LES TUNIQUES BLEUES,French,NIVELLES,Brabant Wallon,BELGIQUE
104,EVASION,French,HOUDENG GOEGNIES,Hainaut,BELGIQUE
105,LES AUBEPINES,French,CEREXHE-HEUSEUX,Liège,BELGIQUE
107,S.J.N. CLUB,French,BRUXELLES,Brussel/Bruxelles,BELGIQUE
109,LES CARACOLES,French,NAMUR,Namur,BELGIQUE
110,LES QUILLES LIBRES,French,ARLON,Luxembourg,BELGIQUE
111,LA CLAIRIÈRE,French,BRUXELLES,Brussel/Bruxelles,BELGIQUE
112,RJCV SPORT,French,Malonne,Namur,BELGIQUE
113,CLERLANDE SPORT,French,Ottignies,Brabant Wallon,Belgique
115,LES OURSONS,French,BONNEVILLE,Namur,BELGIQUE
116,LES COPAINS,French,BRUXELLES,Brussel/Bruxelles,BELGIQUE
118,LES GRINGOS,French,SUGNY,Namur,BELGIQUE
119,METHYS,French,LIEGE,Liège,BELGIQUE
120,L'EFFORT,French,LIEGE,Liège,BELGIQUE
121,L'ENVOL,French,MOUSCRON,Hainaut,BELGIQUE
122,LA FORESTIERE,French,BRUXELLES,Brussel/Bruxelles,BELGIQUE
123,LA CLARINE,French,FAYT-LEZ-MANAGE,Hainaut,BELGIQUE
124,JENNEVAUX RENCONTRE,French,LESVE,Namur,BELGIQUE
125,LES KOLOUTES,French,GREZ-DOICEAU,Brabant Wallon,BELGIQUE
126,SPORT DE L'AMITIE,French,MONT-SAINT-GUIBERT,Brabant Wallon,BELGIQUE
127,PÉRUWELZ RAINBOW SPORTS,French,TOURNAI,Hainaut,BELGIQUE
128,LES HAUTES ARDENNES,French,VIELSALM,Luxembourg,BELGIQUE
129,C.S. DE HEMPTINNE,French,JAUCHE,Brabant Wallon,BELGIQUE
131,LES ACACIAS,French,Nivelles,Brabant Wallon,BELGIQUE
132,LA CORDEE SPORTS,French,BOUGE,Namur,BELGIQUE
133,LES 1001 NUITS,French,GREZ-DOICEAU,Brabant Wallon,BELGIQUE
134,CENTRE CERFONTAINE,French,PERUWELZ,Hainaut,BELGIQUE
135,LE CASTILLON,French,LA LOUVIÈRE,Hainaut,BELGIQUE
137,MOSPO,French,HERSEAUX,Hainaut,BELGIQUE
138,OKAPI SPORT,French,CASTEAU,Hainaut,BELGIQUE
139,CLAIRVAL SPORT ACIS,French,BARVAUX,Luxembourg,BELGIQUE
140,LE SESAME,French,BRUXELLES,Brussel/Bruxelles,BELGIQUE
142,FARRA STRATEGIE,French,Auderghem,Brussel/Bruxelles,BELGIQUE
143,LE CHAT BOTTÉ,French,LA LOUVIÈRE,Hainaut,BELGIQUE
144,LES PLATANES,French,BRUXELLES,Brussel/Bruxelles,BELGIQUE
145,LE PRETEXTE,French,BRUXELLES,Brussel/Bruxelles,BELGIQUE
146,LE PETIT POUCET,French,SIVRY,Hainaut,BELGIQUE
147,CENTRE REINE FABIOLA,French,NEUFVILLES,Hainaut,BELGIQUE
148,LES RENARDS DE VOLAIVILLE,French,FAUVILLERS,Luxembourg,BELGIQUE
152,S.R.A. L'ODYSSEE,French,MONTIGNIES / S / SAMBRE,Hainaut,BELGIQUE
153,L'ESPACE LIOBA,French,NAMUR,Namur,BELGIQUE
154,LES BLÉS D’OR,French,MOURCOURT,Hainaut,BELGIQUE
155,DELTA,French,BRUXELLES,Brussel/Bruxelles,BELGIQUE
157,DOMITILLE,French,WAIMES,Liège,BELGIQUE
158,SPORT ESPOIR,French,DISON  ANDRIMONT,Liège,BELGIQUE
159,LES BOLETS,French,BRUXELLES,Brussel/Bruxelles,BELGIQUE
160,B.S.C. OSTBELGIEN,French,RECHT,Liège,BELGIQUE
161,HOME VALERE DELCROIX,French,Tournai,Hainaut,Belgique
162,A.T.L.A.S.H.,French,TIHANGE,Liège,BELGIQUE
163,FOYER DU FORT,French,Flemalle,Liège,BELGIQUE
164,ARBOTEAM,French,WASMES A-B,Hainaut,BELGIQUE
165,LE COLOMBIER,French,NIVELLES,Brabant Wallon,BELGIQUE
166,LES GOELANDS,French,AUBECHIES,Hainaut,BELGIQUE
168,VRAIES RICHESSES,French,BRUXELLES,Brussel/Bruxelles,BELGIQUE
169,CERISAIE SPORT,French,BASSENGE,Liège,BELGIQUE
173,ALBATROS,French,PETITE-CHAPELLE,Namur,BELGIQUE
174,ALTEO MOUSCRON,French,MOUSCRON,Hainaut,BELGIQUE
176,OLDS BRACQS,French,STREPY-BRACQUEGNIES,Hainaut,BELGIQUE
177,"CERCLE SPORTIF ""LA SEVE""",French,XHENDELESSE,Liège,BELGIQUE
178,LE JARDIN DES FÉES,French,Mons,Hainaut,BELGIQUE
179,EQUI - VALENCE,French,RANCE,Hainaut,BELGIQUE
180,PONY-CLUB HOF TE BEVER ASBL,French,MIGNAULT,,BELGIQUE
181,LA POMMERAIE,French,ELLIGNIES-STE-ANNE,Hainaut,BELGIQUE
182,LES CANAILLES,French,MOMALLE,Liège,BELGIQUE
183,LE BOIS ROUSSEL,French,MONTIGNY-LE-TILLEUL,Hainaut,BELGIQUE
184,OXYGENE,French,SCLAYN,Namur,BELGIQUE
186,SIROCCO,French,HAUT-ITTRE,Brabant Wallon,BELGIQUE
187,AU PETIT BONHEUR,French,Grâce-Hollogne,Liège,BELGIQUE
189,FOYER DE THÉMIS,French,Sprimont,Liège,BELGIQUE
191,LES SCORPIONS,French,WILLAUPUIS,Hainaut,BELGIQUE
194,LES SPITANTS,French,AMAY,Liège,BELGIQUE
195,LE KOALA,French,LIEGE,Liège,BELGIQUE
196,LES OLIVIERS SPORT,French,GRIVEGNEE,Liège,BELGIQUE
197,L'ESCAPADE,French,HOUDENG-AIMERIES,Hainaut,BELGIQUE
198,LE CHEVREFEUIL,French,SPA,Liège,BELGIQUE
203,FUN GYM B/ DANS LES YEUX DE LISA,French,Nivelles,Brabant Wallon,Belgique
204,C.S. KANGOUROUS,French,JODOIGNE,Brabant Wallon,BELGIQUE
205,ASCENSION 2,French,POMMEROEUL,Hainaut,
206,LA SOURIS VERTE,French,MONS,Hainaut,
207,LES GRILLONS,French,VAUX-SOUS-CHEVREMONT,Liège,BELGIQUE
209,HAMA II,French,BRUXELLES,Brussel/Bruxelles,BELGIQUE
210,A.S. AURORE,French,ANDERLUES,Hainaut,BELGIQUE
211,LES BARRACUDAS,French,RUMES,Hainaut,BELGIQUE
213,LA PASSERELLE,French,BRUXELLES,Brussel/Bruxelles,BELGIQUE
214,L'ENVOLÉE,French,HEUSY-VERVIERS,Liège,BELGIQUE
215,KEGELJAN,French,HAM-SUR-SAMBRE,Namur,
217,GRAND AXHE,French,WAREMME,Liège,
219,BOTHEY CLUB,French,GEMBLOUX,Namur,
221,INSTITUT DU BON PASTEUR,French,BURY,Hainaut,BELGIQUE
222,CENTRE DE VIE,French,BRUXELLES,Brussel/Bruxelles,BELGIQUE
223,STARTEMIA,French,ETTERBEEK,Brussel/Bruxelles,
224,LE GARDIAN V3,French,CHAPOIS -LEIGNON,Namur,BELGIQUE
227,TOMA STENA,French,BLEGNY,Liège,
229,DREAM TEAM,French,BRUXELLES,Brussel/Bruxelles,BELGIQUE
231,LE MAGNOLIA,French,HAUTRAGE,Hainaut,
232,ORFEA,French,ETTERBEEK,Brussel/Bruxelles,
233,LES PETUNIAS,French,BRUXELLES,Brussel/Bruxelles,BELGIQUE
234,CONFORT SOCIAL,French,PERUWELZ,Hainaut,
235,LES FOUGERES,French,BRUXELLES,Brussel/Bruxelles,BELGIQUE
236,LA MAISON D'EMERAUDE,French,ARVILLE,Luxembourg,
237,EMBARQUEMENT IMMEDIAT,French,SERAING,Liège,BELGIQUE
238,LE VILLAGE,French,COMINES,Hainaut,BELGIQUE
241,MISTRAL SPORT,French,SAINT-GEORGES-SUR-MEUSE,Liège,BELGIQUE
242,C.S. LES TCHANTCHES,French,GRIVEGNEE,Liège,BELGIQUE
243,LES RENES DE LA VIE,French,LA HULPE,Brabant Wallon,Belgium
245,EQUISTAL,French,BORNIVAL,Brabant Wallon,
246,LE COUP FRANC,French,SART-RISBART,Brabant Wallon,BELGIQUE
248,I.S.B.,French,BOITSFORT,Brussel/Bruxelles,BELGIQUE
249,ROQUEBRUNE,French,NAMUR,Namur,BELGIQUE
251,LES PETITS GODETS,French,CARNIERES,Hainaut,BELGIQUE
252,LA FORET,French,BRUXELLES,Brussel/Bruxelles,BELGIQUE
253,LES WEIGELIAS,French,BRUXELLES,Brussel/Bruxelles,BELGIQUE
254,HADEP,French,BRUXELLES,Brussel/Bruxelles,BELGIQUE
255,SAPI-CHAPELLE,French,CHAPELLE-LEZ-HERLAIMONT,Hainaut,
256,LES QUATRE SAISONS,French,AMBLY,Luxembourg,BELGIQUE
258,LES ALIZES,French,MEMBACH (BAELEN),Liège,BELGIQUE
259,COLIBRIS CLUB,French,OPHAIN BOIS SEIGNEUR ISAAC,Brabant Wallon,BELGIQUE
260,L'ENTRE DEUX,French,NANDRIN,Liège,BELGIQUE
261,LES LAPINS BLEUS,French,ALLE S/ SEMOIS,Namur,BELGIQUE
262,ENVOL (LE DIARBOIS),French,JUMET,Hainaut,BELGIQUE
263,SAPI-TEAM,French,MASNUY-St-JEAN,Hainaut,
267,ASBL ESSENTIEL,French,LASNE,Brabant Wallon,
268,DYNAMISPORT,French,BRAINE L'ALLEUD,Brabant Wallon,BELGIQUE
271,LE TOURNESOL SPORTIF,French,ESTAIMPUIS,Hainaut,BELGIQUE
272,LE PETIT PRINCE DE COURCELLES,French,COURCELLES,Hainaut,BELGIQUE
273,SAJA SOLIGNAC,French,HAMOIS (SCHALTIN),Namur,BELGIQUE
274,TABUCHET SPORT,French,Liège,Liège,Belgique
275,LA SYMPHONIE,French,SAINT-SYMPHORIEN,Hainaut,BELGIQUE
279,HAMA 1,French,BRUXELLES,Brussel/Bruxelles,BELGIQUE
281,RESIDENCE ÉLYSÉE,French,MONT-SAINT-AUBERT,Hainaut,BELGIQUE
282,LA CASSINE,French,Flobecq,Hainaut,BELGIQUE
284,L'AIR DE PAIX,French,FRAMERIES,Hainaut,BELGIQUE
285,LA BASTIDE,French,NAMUR,Namur,BELGIQUE
286,JUDO CLUB WELLIN ASBL,French,WELLIN,Luxembourg,BELGIQUE
287,HOCKEY TOGETHER PINGOUIN NIVELLES,French,Nivelles,Brabant Wallon,
288,LE JARDIN DES ANGES,French,DOUR,HAINAUT,
289,NEW MOBILITY CLUB SPORTIF DE MOUSCRON,French,MOUSCRON,Hainaut,
290,LOTUS D'OCQUIER,French,OCQUIER,Liège,
291,LES DALTONS,French,Quevy-Le-Grand (Mons),HAINAUT,
292,CARPE DIEM ASBL,French,Jambes,Namur,
293,LES 3 SAPINS,French,Mignault,Hainaut,Belgium
294,LA SAPINIERE DE QUAREGNON,French,Quaregnon,Hainaut,Belgium
296,KANO JC TOURNAI,French,NECHIN,Hainaut,
297,FOYER DU CALYDON,French,Liège,Liège,
298,CERCLE ADAPTE ANDENNAIS,French,Andenne,Namur,
299,A.C.I.S. SOLEIL LEVANT,French,Montignies - sur - Samble,Hainaut,Belgique
300,LE CHAF ASBL,French,FARCIENNES,Hainaut,BELGIQUE
302,LE GRIMOIRE,French,TRANSINNE,Luxembourg,BELGIQUE
303,LES 3 FÉES,French,SPA,Liège,BELGIQUE
304,LES DRAGONS,French,GHLIN,Hainaut,BELGIQUE
306,MAISON DES PILIFS,French,BRUXELLES,Brussel/Bruxelles,
307,JOSO ASBL,French,IXELLES,Brussel/Bruxelles,
308,LA CARAVELLE,French,Peronnes - Lez - Antoing,Hainaut,Belgique
309,LA RENAISSANCE,French,Mons,Hainaut,Belgique
310,VISÉ - CENTRE DE CERFONTAINE,French,HACCOURT,Liège,
311,CHEVAL ET FORET,French,Auderghem,Brussel/Bruxelles,Belgique
312,FAGN' HANDISPORTS ASBL,French,Spa,Liège,Belgique
314,LIFE BADMINTON LE ROEULX,French,Le Roeulx,Hainaut,
315,ECOLE NOS PILIFS,French,Laeken,Brussel/Bruxelles,Belgique
316,LA CADOLE ASBL,French,Bonsecours,Hainaut,Belgique
317,CTM - CAROLO TEAM MARCINELLE,French,Marcinelle,Hainaut,Belgique
318,L'ECHALIER,French,Cerexhe - Heuseux,Liège,Belgique
319,ASBL L'ETOILE FILANTE,French,Péruwelz,Hainaut,Belgium
321,ACBBH,French,Blaton,Hainaut,Belgique
322,ACBB,French,Blaton,Hainaut,Belgium
323,LA GARENNE,French,Wiers - Péruwelz,Hainaut,Belgium
324,LES VELDEMANNEKES,French,BRUSSEL,Brussel/Bruxelles,BELGIË
325,ALL STARS,French,Strambruges,Hainaut,Belgique
326,LE PART'AGE,French,Estaimpuis,Hainaut,Belgique
327,LE PAYS DE COCAGNE,French,Mons,Hainaut,Belgique
328,16 ÂMES,French,ORCQ,Hainaut,Belgique
329,L'ACCUEIL MOSAN ASBL,French,Namur,Namur,Belgium
330,LA BOULAIE,French,Chimay,Hainaut,Belgique
331,SAPI BL'A,French,Braine L'Alleud,Babant Wallon,Belgique
332,B.C. CLERFAYT,French,Hainaut,Wallonie,Belgique
333,EESSCF - LES PEUPLIERS,French,Marloie,Luxembourg,Luxembourg
334,LE NIDVELLES° (LE COLOMBIER 2),French,Nivelles,Brabant-Wallon,Belgium
335,ASCENSION ERQUELINNES,French,Erquelinnes,Hainaut,Belgium
336,LONCIN AU PETIT BONHEUR,French,LONCIN,Liège,Belgium
338,C GO GYM,French,Mouscron,Hainaut,Belgique
339,CIGALINE,French,Merbes-Le-Château,Hainaut,Belgique
340,WOLFHANDI RACLO,French,La Louvière,Hainaut,Belgique
341,JUDO TOP NIVEAU TOURNAI,French,Tournai,Hainaut,Belgium
342,AU FOYER DE CASSIOPEE,French,STOUMONT,Liège,Belgique
343,HOCKEY TOGETHER,French,Uccle,Bruxelles,Belgique
344,RESIDENCE CHATEAU ARC-EN-CIEL,French,Strepy Bracquegnies,Hainaut,Belgique
345,ASBL LES PASSEREAUX,French,Battice,Liège,Belgium
346,TAGO ASBL,French,Neder-Over-Heembeek,Bruxelles,Belgique
347,TIFRA HENSIES,French,Hensies,Hainaut,Belgique
348,NOKTO,French,Neder-Over-Hembeek,Bruxelles,Belgium
349,LE BOIS DE SAPINS,French,Saint-Josse Ten-Noode,Bruxelles,Belgique
350,LES LEUPS,French,GRÂCE-HOLLOGNE,Liège,Belgique
351,LES MARSOUX,French,MARCINELLE,Hainaut,belgique
352,LA PREVOTE,French,Baudour,Hainaut,Belgique
353,MALMEDY ATHLETIC CLUB,French,Malmedy,Liège,Belgique
354,LE SEQUOIA,French,Hyon,Hainaut,Belgique
355,VILLA PILIFS,French,Neder-Over-Heembeek,Bruxelles,Belgique
356,REVALITY SPORT ASBL,French,Ottignies-Louvain-La-Neuve,Brabant Wallon,Belgique
357,FOOT'GERES,French,Colfontaine,Hainaut,Belgique
358,DOMAINE DE LA PASSERELLE,French,Liège,,Belgique
359,ÉTOILE MARCHOISE,French,Marche-en-Famenne,Luxembourg,Belgique
360,FOYER D'ASTREE,French,Liège,,Belgium
361,LES CHANTERELLES,French,Esneux,Liège,Belgique
362,RÉSIDENCE TIFRA,French,Jurbise,Hainaut,Belgique
500,LOMMELSE TENNIS CLUB,Dutch,LOMMEL,Limburg,
501,ZONNELIED,Dutch,ROOSDAAL,Vlaams Brabant,BELGIË
502,BORGERSTEIN,Dutch,SINT-KATELIJNE-WAVER,Antwerpen,BELGIË
504,DE GRAAF,Dutch,Genk,,BELGIË
505,OPEN KANS,Dutch,GENK,Limburg,BELGIË
506,G-BLACK DEVILS UNITED,Dutch,Jabbeke,West-Vlaanderen,België
507,DRAPI,Dutch,DE PINTE,Oost-Vlaanderen,BELGIË
508,SPORTCLUB DRUIVENSTREEK,Dutch,Duisburg,Vlaams Brabant,BELGIË
509,FRISA,Dutch,ROOSDAAL,Vlaams Brabant,BELGIË
510,JC KUMIUCHI BERLARE,Dutch,Berlare,Oost Vlaanderen,BELGIE
511,TER MUIDEN VZW,Dutch,Oedelem,West-Vlaanderen,Belgie
512,HET GIELSBOS,Dutch,GIERLE,Antwerpen,BELGIË
513,RECREAS DAMESVOETBALCLUB,Dutch,Gullegem,West-Vlaanderen,BELGIË
514,ZEVENHUIZEN,Dutch,GENT,Oost-Vlaanderen,BELGIË
515,KJC BAZEL,Dutch,BAZEL,Oost-Vlaanderen,BELGIE
516,MASS,Dutch,ZWALM - BEERLEGEM,Oost-Vlaanderen,BELGIË
517,M.P.I. MAASEIK,Dutch,MAASEIK,Limburg,BELGIË
518,ARUM,Dutch,DILSEN-STOKKEM,Limburg,BELGIË
521,ONS ERF,Dutch,ST-MICHIELS,West-Vlaanderen,BELGIE
522,BC WIT-WIT RONSE,Dutch,RONSE,Oost-Vlaanderen,BELGIE
523,SPELIN WIJCHMAAL,Dutch,PEER,Limburg,BELGIË
524,AVZK,Dutch,BOOISCHOT,Antwerpen,BELGIË
525,SABA,Dutch,DEINZE,Oost-Vlaanderen,BELGIË
527,MIVALTI,Dutch,TIELT,West-Vlaanderen,BELGIË
528,BLIJDORP BUGGENHOUT,Dutch,BUGGENHOUT,Oost-Vlaanderen,BELGIË
530,DE HOGE KOUTER,Dutch,KORTRIJK,West-Vlaanderen,BELGIË
531,OLO-Rotonde VZW,Dutch,BRASSCHAAT,Antwerpen,BELGIË
532,S.C. VIRO VZW,Dutch,BRUGGE,West-Vlaanderen,BELGIË
533,VZW FIETS-WANDELCLUB FIT LSA,Dutch,Duffel,Antwerpen,Belgie
534,LEUVEN AQUATICS vzw,Dutch,Leuven,Vlaams Brabant,Belgie
535,DE BRANDING,Dutch,KORTRIJK-HEULE,West-Vlaanderen,BELGIË
536,A.V. LYRA-LIERSE,Dutch,BONHEIDEN,Antwerpen,BELGIE
537,VZW DE VLEUGELS,Dutch,KLERKEN,West-Vlaanderen,BELGIË
538,GAVERLAND,Dutch,VURSTE,Oost-Vlaanderen,BELGIË
539,SMASHING LEUVEN,Dutch,LEUVEN,Vlaams Brabant,BELGIE
540,KVC 3 LINDEN GENK,Dutch,GENK,Limburg,
541,KLAVIER,Dutch,MERKSPLAS,Antwerpen,BELGIË
543,ROZENKRANS,Dutch,OOSTDUINKERKE,West-Vlaanderen,BELGIË
544,ROYAL GHENT SWIMMING CLUB,Dutch,Melle,Oost-Vlaanderen,BELGIE
545,ZONNEHOEVE / LIVING+,Dutch,EKE -NAZARETH,Oost-Vlaanderen,BELGIË
548,G-SPORT VORSELAAR,Dutch,Vorselaar,Antwerpen,Belgie
550,DE LOVIE,Dutch,POPERINGE,West-Vlaanderen,BELGIË
551,DE VIERKLAVER,Dutch,Deinze,Oost-Vlaanderen,BELGIË
552,GEELSE TTC,Dutch,GEEL,Antwerpen,BELGIË
553,GROENHOVE,Dutch,VURSTE,Oost-Vlaanderen,BELGIË
554,RECREAS KFC ALKEN,Dutch,WELLEN,Limburg,
556,'T VOSJE VZW,Dutch,Vilvoorde,Vlaams Brabant,BELGIË
557,SPORTCLUB TORDALE,Dutch,TORHOUT,West-Vlaanderen,BELGIË
558,ALTHUS,Dutch,OOSTNIEUWKERKE,West-Vlaanderen,BELGIË
559,SINT ODA PELT,Dutch,OVERPELT,Limburg,BELGIË
560,FC MAASLAND NO,Dutch,Rotem,Limburg,BELGIË
561,DE OEVER,Dutch,WUUSTWEZEL (GOOREIND),Antwerpen,BELGIË
562,INSPIRANT,Dutch,OOSTDUINKERKE,West-Vlaanderen,BELGIË
564,TRIANGEL SPORT,Dutch,LOVENDEGEM,Oost-Vlaanderen,BELGIË
565,VZW KOMPAS,Dutch,Wondelgem,Oost-Vlaanderen,Belgie
566,DE CLEYNEN BEMPT,Dutch,TIENEN,Vlaams Brabant,BELGIË
567,OOSTREM,Dutch,HERENT,Vlaams Brabant,BELGIË
569,TER LINDE,Dutch,DEINZE,Oost-Vlaanderen,BELGIË
570,PRIMAVERA DAGCENTRUM,Dutch,MERKSEM,Antwerpen,BELGIË
571,BOOTHUIS,Dutch,KNOKKE-HEIST,West-Vlaanderen,
572,HAVENZATE,Dutch,VEURNE,West-Vlaanderen,BELGIË
573,JUDO CLUB MORI-NO-OTOKO,Dutch,VORSELAAR,Antwerpen,
574,DE VALIER,Dutch,LIEDEKERKE,Oost-Vlaanderen,BELGIË
575,UBUNTU,Dutch,Zwevegem,West-Vlaanderen,BELGIË
576,AVALYMPICS  VZW,Dutch,GEEL,Antwerpen,BELGIË
577,SCHOOL @ WATERKANT,Dutch,GENT,Oost-Vlaanderen,
578,G-VOETBAL EENDRACHT MECHELEN AAN DE MAAS,Dutch,MAASMECHELEN,Limburg,
579,SMASH BC,Dutch,HEUSDEN-ZOLDER,Limburg,
581,ZGEEL,Dutch,Eindhout Laakdal,Antwerpen,BELGIË
582,LOOISE A.V.,Dutch,GEEL,ANTWERPEN,BELGIË
583,G-SPORT PAJOTTENLAND,Dutch,GOOIK,Vlaams Brabant,BELGIE
584,BUSO 'T VURSTJEN,Dutch,EVERGEM,Oost-Vlaanderen,
585,DUIN EN POLDER,Dutch,DIKSMUIDE,West-Vlaanderen,BELGIË
586,SODAM,Dutch,BEERLEGEM - ZWALM,Oost-Vlaanderen,BELGIË
587,SKAR,Dutch,LOVENJOEL,Vlaams Brabant,BELGIË
588,VOLUIT,Dutch,EVERGEM,Oost-Vlaanderen,BELGIË
589,DUINHELM,Dutch,OOSTENDE,West-Vlaanderen,BELGIË
590,MARTINE VAN CAMP,Dutch,MOLENSTEDE-DIEST,Vlaams Brabant,BELGIË
592,SCHOONDERHAGE,Dutch,POLLARE,Oost-Vlaanderen,BELGIË
593,SC MOZAIEK,Dutch,OOSTAKKER - GENT,Oost-Vlaanderen,BELGIË
595,JUNIORSGROEP,Dutch,MERKSEM,Antwerpen,BELGIË
596,DE BOEG,Dutch,GENT,Oost-Vlaanderen,BELGIË
597,SPORTSCHUURKE,Dutch,Vurste,Oost-Vlaanderen,BELGIË
599,ALVINNENBERG,Dutch,HEVERLEE,Vlaams Brabant,BELGIË
601,HOUTLAND ATLETIEKCLUB VZW G-TEAM ACHILLES,Dutch,Torhout,West-Vlaanderen,
602,HET BALANSKE,Dutch,TIELT-WINGE,Vlaams Brabant,
603,KON. JUDO CLUB HASSELT,Dutch,HASSELT,Limburg,
604,G-BASKET BBC GEEL,Dutch,GEEL,Antwerpen,
605,KONING-ALBATROS,Dutch,DILBEEK,Vlaams Brabant,BELGIË
608,HEJMEN,Dutch,LEUVEN,Vlaams Brabant,BELGIË
609,WIT HUIS,Dutch,LOPPEM,West-Vlaanderen,BELGIË
610,DE MOLENKREKELS,Dutch,LOKEREN,Oost-Vlaanderen,BELGIË
611,BLIJDORP DENDERMONDE,Dutch,DENDERMONDE,Oost-Vlaanderen,BELGIË
614,NIDO,Dutch,HAREN,BRUSSEL,
615,BUSO DE DAGERAAD KORTESSEM VV,Dutch,KORTESSEM,Limburg,BELGIË
616,SINT FERDINAND,Dutch,LUMMEN,Limburg,BELGIË
617,MEKANDERS,Dutch,Turnhout,Antwerpen,BELGIË
618,ROZEMARIJN,Dutch,KEERBERGEN,Vlaams Brabant,BELGIË
621,BBC LIONS NIJLEN,Dutch,Antwerpen,Antwerpen,Belgium
622,HUMIVAL,Dutch,WAARSCHOOT,Oost-Vlaanderen,BELGIË
624,INOA CAMPUS HANDZAME,Dutch,Roeselare,West-Vlaanderen,BELGIË
625,DE BRON,Dutch,BEVEREN,Oost-Vlaanderen,BELGIË
626,RAVELIJN,Dutch,BRUGGE ST.-MICHIELS,West-Vlaanderen,BELGIË
627,SALIX,Dutch,KLUISBERGEN,Oost-Vlaanderen,BELGIË
631,BASKETBALCLUB COBRAS,Dutch,SCHOTEN,Antwerpen,
632,HET ROER,Dutch,HASSELT,Limburg,BELGIË
633,BA DE BEEMDEN,Dutch,MECHELEN,Antwerpen,BELGIË
634,WIRIC,Dutch,SINT-TRUIDEN,Limburg,BELGIË
635,MISPO BALEN,Dutch,BALEN,Antwerpen,BELGIË
637,HET PUNT,Dutch,BRECHT,Antwerpen,BELGIË
639,DE ROER ME NIETEN,Dutch,Lummen,Vlaams Brabant,BELGIË
640,AVALI VZW,Dutch,KOERSEL,Limburg,BELGIË
642,DE GIEK,Dutch,MAASMECHELEN,Limburg,BELGIË
643,KRACHT EN GEDULD,Dutch,SINT-NIKLAAS,Oost-Vlaanderen,BELGIË
644,APOJO,Dutch,AARSCHOT,Vlaams Brabant,BELGIË
645,SPORTIVIA,Dutch,MALDEGEM,Oost-Vlaanderen,BELGIË
646,DE POEL,Dutch,ITTERBEEK,Vlaams Brabant,BELGIË
648,DE NIEUWE BRUG,Dutch,DEURLE,Oost-Vlaanderen,BELGIË
651,ORANJE,Dutch,SIJSELE,West-Vlaanderen,
654,KVC WESTERLO,Dutch,WESTERLO,Antwerpen,BELGIË
656,MOVIMENTO VZW,Dutch,MORTSEL,Antwerpen,
657,DE VENNEBOWLERS,Dutch,HERENTALS,Antwerpen,BELGIË
658,DAIS VZW,Dutch,Lennik,Vlaams Brabant,BELGIË
659,LEVEDALE,Dutch,WOLVERTEM,Vlaams Brabant,BELGIË
660,DE STEIGER,Dutch,BORNEM,Antwerpen,BELGIË
661,ROBA,Dutch,Baal,Vlaams-Brabant,Belgie
663,STB GYMNASTICS BERCHEM,Dutch,Berchem,Antwerpen,Belgie
664,TANDEM SPORT,Dutch,DIEPENBEEK,Limburg,BELGIË
665,TAFELTENNISCLUB ZELE VZW,Dutch,ZELE,Oost-Vlaanderen,
666,CENTRUM THERAPEUTISCH PAARDRIJDEN,Dutch,LANDEN,Vlaams Brabant,
669,OOSTHEUVEL,Dutch,Genk,Limburg,BELGIE
670,RAAKZAAM,Dutch,Sint Niklaas,Oost-Vlaanderen,BELGIE
672,TANDEM  WEST,Dutch,Koksijde,West-Vlaanderen,BELGIE
673,BUITENBEENTJES,Dutch,SINAAI,Oost-Vlaanderen,BELGIE
674,DE BUITELAARS,Dutch,EEKLO,Oost-Vlaanderen,BELGIE
675,'T PERDJE,Dutch,LAAKDAL,Antwerpen,BELGIË
678,HET PLUIMKE,Dutch,Kinrooi,Limburg,
680,TC STANDAARD WETTEREN-OCTOPUS MERELBEKE,Dutch,MERELBEKE,Oost-Vlaanderen,BELGIE
682,DE BORGGRAAF-HASSELT,Dutch,GENK,Limburg,BELGIE
683,REAL FC BERG,Dutch,NEEROETEREN,Limburg,
685,HEISTSE TENNISCLUB VZW,Dutch,HALLAAR,Antwerpen,
686,GT WIMBLEDON,Dutch,WILDEREN,Limburg,
689,T.C. DE DAGERAAD,Dutch,BEERSE,Antwerpen,
690,DE SCHELP,Dutch,BRECHT,Antwerpen,BELGIE
691,DE DIABOLO'S,Dutch,BERCHEM,Antwerpen,BELGIE
693,'T ATELJEE,Dutch,BOECHOUT,Antwerpen,BELGIE
694,DE PELIKAAN,Dutch,MENEN,West-Vlaanderen,BELGIE
695,INDIVIDUALS,Dutch,GENTBRUGGE,Oost-Vlaanderen,BELGIE
696,TRIANGEL JEUGDSPORT,Dutch,LOVENDEGEM,Oost-Vlaanderen,BELGIË
697,VONDELS VZW,Dutch,IEPER,West-Vlaanderen,BELGIË
699,'T VELDZICHT,Dutch,Sint-Kruis Brugge ,West-Vlaanderen,BELGIE
700,ZONNESTRAAL VZW,Dutch,HERFELINGEN,Vlaams Brabant,BELGIE
703,KABAS,Dutch,DEERLIJK,West-Vlaanderen,BELGIE
704,G-BASKET LOMMEL,Dutch,LOMMEL,Limburg,BELGIE
707,KBBC ZOLDER,Dutch,HEUSDEN-ZOLDER,Limburg,BELGIË
708,KSAV SINT-DIMPNA,Dutch,GEEL,Antwerpen,
709,BC ASSE TERNAT,Dutch,Ternat,Vlaams Brabant,
710,KOG-STASEGEM G-VOETBAL,Dutch,Harelbeke-Stasegem,West-Vlaanderen,
711,G-OMNISPORTCLUB VLAAMSE ARDENNEN,Dutch,Kluisbergen,Oost-Vlaanderen,
713,JC-GRUITRODE,Dutch,Meeuwen-Gruitrode,Limburg,
714,UNIFIED SAILING BELGIUM VZW,Dutch,Boechout,Antwerpen,
715,SOMIVAL VZW,Dutch,WAREGEM,West-Vlaanderen,WAREGEM
716,BBC GEMBO,Dutch,Antwerpen,Antwerpen,
718,VZW TENNISCLUB LUMMEN,Dutch,Lummen,Limburg,
719,DE NISSE,Dutch,Kortrijk ,West-Vlaanderen,
720,KONINKLIJKE LEBBEEKSE ATLETIEKCLUB,Dutch,Lebbeke,Oost-Vlaanderen,Belgium
721,SPORTCLUB HUIS IN DE STAD VZW,Dutch,Tienen,Vlaams Brabant,Belgium
722,'T HAVERENHOF VZW,Dutch,Eppegem,Vlaams Brabant,
723,KORTRIJK SPURS VZW,Dutch,ZWEVEGEM,West-Vlaanderen,
724,SPINSHUTTLE,Dutch,Dessel,ANTWERPEN,
725,OSTEND TENNIS CLUB,Dutch,Oostende,West-Vlaanderen ,
727,AC DEINZE,Dutch,Deinze ,Oost-Vlaanderen,
729,2GETHER ON WHEELS,Dutch,Brasschaat,Antwerpen,België
730,BBC FALCO GENT,Dutch,Gent,Oost-Vlaanderen,
731,GYMFLEX VZW,Dutch,Mechelen,Antwerpen,Belgique
732,TERNATSE OMNISPORT VOOR ANDERSVALIDEN,Dutch,WAMBEEK,Vlaams Brabant,Belgium
733,NET CONNECT CYCLING TEAM,Dutch,Kasterlee,Antwerpen,Belgium
734,AC HERENTALS,Dutch,Herentals,Antwerpen,Belgium
735,GEMEENTELIJKE TENNIS TESSENDERLO,Dutch,Laakal,Limburg,Belguim
736,OKIDO BASKET,Dutch,Arendonk,Antwerpen,Belgium
738,DALO VZW,Dutch,Lommel,Limburg,Belgium
740,TER HEIDE,Dutch,Genk,Limburg,
741,GYM MOL,Dutch,Laakdal,Antwerpen,
742,NOORDERWIJKSE BADMINTONCLUB ,Dutch,NOORDERWIJK ,Antwerpen ,
744,OC CIRKANT,Dutch,Aartrijke,West-Vlaanderen,
745,GENTSE G-DUIVELS,Dutch,Wondelgem,Oost-Vlaanderen,België
746,A-JUDOCLUB TATAMIVRIENDEN,Dutch,Bazel,Oost-Vlaanderen,Belgium
747,LOKERSE BADMINTONCLUB,Dutch,Lokeren,Oost-Vlaanderen,Belgium
748,TTC RECREAS GULLEGEM,Dutch,Rollegem,West-Vlaanderen,Belgium
749,LIONS TORHOUT,Dutch,Torhout,West-Vlaanderen,België
750,BALTI SPECIALS KORTRIJK,Dutch,KORTRIJK,West-Vlaanderen,Belgie
751,WAASLANDSE G-BASKETTERS,Dutch,Burcht,Antwerpen ,
752,GFC SK BEVEREN,Dutch,Elversele,Oost-Vlaanderen,Belgie
753,EUROSTARS,Dutch,Merksem,Antwerpen,Belgie
754,NO LIMIT VZW,Dutch,Wilrijk,Antwerpen,Belgie
755,WAVERSE BADMINTONCLUB,Dutch,Koningshooikt,Antwerpen,België
756,DE BOOMHUT,Dutch,Boom,Antwerpen,Belgie
757,ANTWERP CYCLING TEAM KONTICH,Dutch,KONTICH,ANTWERPEN,BELGIE
758,K.W.T.P.C.,Dutch,Genk,Limburg,Belgie
759,K SCHELLE SPORT,Dutch,Schelle,Antwerpen,Belgie
760,BRAXGATA,Dutch,Berchem,Antwerpen,Belgie
761,ROYAL VICTORY HOCKEY CLUB,Dutch,Antwerpen,Antwerpen,Belgie
762,HORSE FUN VERBRANDE BRUG,Dutch,Eppegem,Vlaams-Brabant,Belgie
763,GEELSE KAJAKVAARDERS,Dutch,GEEL,Antwerpen,Belgie
764,KMTHC,Dutch,Mechelen,Antwerpen,Belgie
765,KHC DRAGONS vzw,Dutch,Brasschaat,Antwerpen,Belgie
766,VRIJBROEK HOCKEY CLUB MECHELEN,Dutch,Mechelen,,Belgie
767,GIDOS,Dutch,Waregem,West-Vlaanderen,Belgie
768,KONINKLIJKE TURNKRING BOOM,Dutch,Boom,Antwerpen,Belgie
769,JUDO CLUB LEOPOLDSBURG,Dutch,Leopoldsburg,Limburg,Belgie
770,BADMINTON WAREGEM,Dutch,Waregem,West-Vlaanderen,Belgie
771,3MASTER,Dutch,Kasterlee,Antwerpen,Belgie
772,TURNKRING DEUGD EN MOED EKEREN,Dutch,Ekeren,Antwerpen,Belgie
773,BOAS,Dutch,Kortrijk,West-Vlaanderen,Belgie
774,SwimAcad,Dutch,Gent,Oost-Vlaanderen,Belgie
775,MANEGE DENNENHOF,Dutch,Landegem,Oost Vlaanderen,Belgie
776,K. SPORTING WIJCHMAAL,Dutch,Peer,,
777,CITY PIRATES,Dutch,Merksem,Antwerpen,
778,BELOEGA FIT,Dutch,Herent,Vlaams Brabant,Belgie
779,Ruitersclub Domein Leiedal,Dutch,Bissegem,West- Vlaanderen,Belgie
780,BASKET DESSELGEM,Dutch,Waregem,West-Vlaanderen,Belgie
781,ESSENSE TENNISCLUB INTER,Dutch,Essen,Antwerpen,Belgie
782,Sportgroep Vaste Vuist Lauwe,Dutch,Lauwe,West-Vlaanderen,Belgie
783,KIDS HASSELT,Dutch,Hasselt,Limburg,Belgie
784,KONINKLIJKE HOCKEYCLUB BRUGGE,Dutch,Brugge,West-Vlaanderen,Belgie
785,G-VOETBAL KORTRIJK,Dutch,KORTRIJK,West-Vlaanderen,Belgïe
786,KHC SAINT-GEORGES,Dutch,KORTRIJK,Belgie,West-Vlaanderen
787,ATHLETES FOR HOPE,Dutch,WUUSTWEZEL,Antwerpen,Belgïum
788,HERK-SPORT,Dutch,Hasselt,Limburg,Belgie
